	GysBERT	GysBERT-v2	xlm-roberta-base	bert-base-dutch-cased	robbert-v2-dutch-base	bert-base-multilingual-cased
P-event	0.03667796297218983	0.034970559429002665	0.04563555114102658	0.03582672568875483	0.035788876978489176	0.03396390427618626
R-event	0.02927395108235572	0.026170630437560554	0.042928712543923844	0.026476661778304707	0.033152583580605854	0.026760491710327513
f1-event	0.02729688666721998	0.021982037140410225	0.03676331710694742	0.0209113936574754	0.0301638480443842	0.021401265379008282
