	GysBERT	GysBERT-v2	xlm-roberta-base	bert-base-dutch-cased	robbert-v2-dutch-base	bert-base-multilingual-cased
P-event	0.012600551266691355	0.0080992376260258	0.014197203997662866	0.020453148124581124	0.012603076388801733	0.012355130274042463
R-event	0.010737313933628296	0.003513219849433714	0.015406068716876161	0.008140186857258614	0.013674682637746516	0.0034361021657529516
f1-event	0.010464324300195735	0.0031652598007236416	0.012696370035148435	0.006385839185197879	0.013702902056654455	0.0058429122744702135
