;GysBERT;GysBERT-v2;xlm-roberta-base;bert-base-dutch-cased;robbert-v2-dutch-base;bert-base-multilingual-cased
P-event;0.0355784944627435;0.03324208049251271;0.05427711632940652;0.03434516111527447;0.03458618566126544;0.032165826194044
R-event;0.028453177753048058;0.02660963897801218;0.04335512643374667;0.025886817472756368;0.032899301460146475;0.026130943614362228
f1-event;0.027430778757857023;0.024292969967832787;0.03978345556631615;0.021403369923862336;0.031415479142906697;0.021694894444663812