	MacBERTh	bert-base-cased	roberta-base
P-event	0.20430954513648283	0.2848053231167104	0.06993284329378677
R-event	0.03449348651027942	0.07628288598077229	0.08621602292393868
f1-event	0.0538210276633799	0.10693394945796325	0.08243455344980598
