	GysBERT	GysBERT-v2	xlm-roberta-base	bert-base-dutch-cased
P-event	0.0355784944627435	0.03324208049251271	0.05427711632940652	0.03434516111527447
R-event	0.028453177753048058	0.02660963897801218	0.04335512643374667	0.025886817472756368
f1-event	0.027430778757857023	0.024292969967832787	0.03978345556631615	0.021403369923862336
