	GysBERT	GysBERT-v2	xlm-roberta-base	bert-base-dutch-cased
P-event	0.012303365649297055	0.00827426648481824	0.012805389286068997	0.02083678778612418
R-event	0.011370810348775694	0.005244348152606164	0.016559663274401178	0.008852679786813866
f1-event	0.01203064175830507	0.006134402125788176	0.01446178918291538	0.007367744010816418
